id;creation_date;update_date;name;email;phone
090492e6-6b96-4db0-81a8-57d1cbc94567;2025-10-23T06:13:28;2025-10-23T07:00:16;although than;Christina_Casper35@hotmail.com;"+41(0) 2278742 22"
9b790602-f694-481a-901a-114b9fca5c8f;2025-10-23T08:27:10;2025-10-22T23:07:11;excluding;Jarret.Senger30@hotmail.com;"0041(0) 97 885 63 40"
2d8479f0-4f6b-415c-a129-37f43cebbe71;2025-10-23T02:09:18;2025-10-22T16:23:51;crafty prioritize phew;Curt.Renner@hotmail.com;"+4144 818 65 86"
f733fa32-8ef5-4369-b4b4-a7c777ea686f;2025-10-23T12:43:19;2025-10-23T01:09:06;behind self-confidence;Kris13@gmail.com;"0041(0) 86 056 04 86"
5d6caf9b-e8a0-46cf-a3d3-556c5cd58d39;2025-10-23T02:47:16;2025-10-23T09:53:55;below;Dexter.Terry-Russel@gmail.com;"0(0) 4655380 80"
10a5394b-c30d-482b-b375-cdf2bc2e1adf;2025-10-23T02:52:50;2025-10-23T09:19:14;vet;Ludie.Hartmann@yahoo.com;"+41482923170"
80fe4f76-442e-49eb-b955-da931b50e41d;2025-10-22T17:17:58;2025-10-22T14:09:17;but director because;Kayla74@gmail.com;"0 39 458 39 11"
d2e25e95-a964-4915-bf73-089c8a222749;2025-10-22T18:50:12;2025-10-23T00:47:04;hm inasmuch;Jeremie73@gmail.com;"0 73 34916 97"
b83d0313-6554-474c-b5c2-af725e65b08b;2025-10-22T20:57:48;2025-10-23T08:34:43;yowza;Mark51@yahoo.com;"+41 23 059 15 12"
08bc970f-785b-49cc-abc0-c5ae630a4897;2025-10-23T12:33:33;2025-10-22T17:23:02;gosh obligation yet;Alex84@yahoo.com;"0041(0) 45 383 9779"
